"","name","mean_win_rate","mean_fs_win_rate","mean_sec_srv_rate","mean_sec_win_rate","mean_ace_rate","mean_pts_min","mean_bp_faced_rate","mean_bp_att_rate","mean_bp_save_rate","mean_age","mean_df_rate","hand","mean_rank","mean_svpt"
"1","Adrian Mannarino",0.5,0.705452984113353,0.403933130393012,0.520900321543408,0.0715756951596292,1.39550887359652,0.0831616889804325,0.0847723704866562,0.594427244582043,30.9827831306212,0.029351184346035,0,51.5,74.6923076923077
"2","Albert Ramos",0.555555555555556,0.686080132176786,0.365641069941553,0.532677442023893,0.0400624349635796,1.35997863628271,0.0866285119667013,0.0895915678524374,0.633633633633634,31.3530559991889,0.0254942767950052,0,77.8703703703704,71.1851851851852
"3","Alex De Minaur",0.654545454545455,0.74017550553224,0.384855566983239,0.550847457627119,0.0498478820500819,1.41516835567179,0.0624853732740463,0.0839224629418472,0.599250936329588,20.3508431335855,0.0315937280599111,1,28.6181818181818,77.6909090909091
"4","Alexander Bublik",0.52,0.759087669280114,0.41967569917585,0.455331412103746,0.170212765957447,1.65259515570934,0.0761047463175123,0.0686106346483705,0.580645161290323,22.17111567418,0.0998363338788871,1,73.68,97.76
"5","Alexander Zverev",0.636363636363636,0.74930206588498,0.327384019930546,0.441359773371105,0.133345801383954,1.44926199261993,0.080044884982233,0.1,0.595794392523365,22.1632339825333,0.0723770338507574,1,4.87878787878788,81.0151515151515
"6","Alexei Popyrin",0.333333333333333,0.711286089238845,0.396524409002242,0.503968253968254,0.115323854660348,1.58611825192802,0.0947867298578199,0.0665557404326123,0.666666666666667,20.0830481405556,0.0537124802527646,1,91.5555555555556,70.3333333333333
"7","Aljaz Bedene",0.527777777777778,0.737213403880071,0.428680779898912,0.497301464919044,0.110073382254837,1.41148094548963,0.0823882588392262,0.0777855641205326,0.615384615384615,29.8871397064278,0.0370246831220814,1,76.3055555555556,85.6571428571429
"8","Andreas Seppi",0.441860465116279,0.709478672985782,0.421570886157682,0.498694516971279,0.0752333882482153,1.51747958970065,0.0903349807797913,0.0790130302190186,0.583586626139818,35.1965999713465,0.0356946732564525,1,57.0232558139535,84.6976744186046
"9","Andrey Rublev",0.666666666666667,0.7469723183391,0.406455117096056,0.50844277673546,0.0856558424955254,1.55342044581091,0.07593965737663,0.104481188593338,0.626262626262626,21.7841660962863,0.041933009460496,1,53.7647058823529,76.6862745098039
"10","Antoine Hoang",0,0.58,0.404761904761905,0.382352941176471,0.0714285714285714,1.41463414634146,0.119047619047619,0.0666666666666667,0.3,23.7891854894,0.119047619047619,1,98,84
"11","Benoit Paire",0.516666666666667,0.774427480916031,0.48372279217508,0.452868852459016,0.11501976284585,1.60515841426524,0.0869565217391304,0.0894066109119873,0.611363636363636,30.08323066394,0.0790513833992095,1,41.6166666666667,84.3333333333333
"12","Bernard Tomic",0.230769230769231,0.65742251223491,0.343570036406438,0.45253164556962,0.10010764262648,1.79606625258799,0.104413347685684,0.0570719602977667,0.577319587628866,26.4613278576462,0.0204520990312164,1,84.2307692307692,71.4615384615385
"13","Borna Coric",0.553191489361702,0.739113530326594,0.369125598852851,0.529722589167767,0.0876162506118453,1.36141797197032,0.0753793441018111,0.0776792136178374,0.646103896103896,22.5350750724553,0.0281448849730788,1,14.468085106383,86.936170212766
"14","Bradley Klahn",0.1875,0.710594315245478,0.404588967344607,0.535645472061657,0.0974477958236659,1.50583179864948,0.0804331013147719,0.0387931034482759,0.653846153846154,28.7917522245063,0.0541376643464811,0,89.6875,80.8125
"15","Brayden Schnur",0,0.648760330578512,0.358521408563425,0.423357664233577,0.0606860158311346,1.51762114537445,0.121372031662269,0.0354838709677419,0.58695652173913,24.12210814512,0.0343007915567282,1,96.6,75.8
"16","Cameron Norrie",0.444444444444444,0.68276473194506,0.34096341358541,0.480607082630691,0.0601219866395585,1.49527576356845,0.0970084228870171,0.0806067816775729,0.622754491017964,23.74373716632,0.0453093232645948,0,61.1111111111111,76.5111111111111
"17","Casper Ruud",0.533333333333333,0.702888583218707,0.351397333783357,0.512163892445583,0.0456375838926174,1.46015598507969,0.0841163310961969,0.0811202317720908,0.617021276595745,20.5350673055033,0.0456375838926174,1,69.9666666666667,79.8214285714286
"18","Christian Garin",0.581818181818182,0.708614232209738,0.393150756934898,0.507602339181286,0.0561643835616438,1.4964016449623,0.0949771689497717,0.0861474844934528,0.641826923076923,23.0336382303509,0.0317351598173516,1,52.9454545454545,79.6363636363636
"19","Corentin Moutet",0.222222222222222,0.63469387755102,0.351206946225902,0.420233463035019,0.0187416331994645,1.44847328244275,0.101740294511379,0.0843060959792477,0.434210526315789,20.3467944330333,0.0883534136546185,0,86.8888888888889,83
"20","Damir Dzumhur",0.379310344827586,0.647887323943662,0.370157134123359,0.490542244640605,0.0329868956168098,1.54909339719466,0.113420695887935,0.0967602591792657,0.585657370517928,27.0422242677448,0.0356981473113421,1,71.7586206896552,76.3103448275862
"21","Daniel Evans",0.424242424242424,0.689958896065766,0.370327033083311,0.523715415019763,0.0489871086556169,1.40060240963855,0.106077348066298,0.0952879581151832,0.635416666666667,29.2024972517848,0.0335174953959484,1,58.8181818181818,82.2727272727273
"22","Daniil Medvedev",0.7375,0.755846325167038,0.402557430879659,0.546093427035965,0.116120445849276,1.47026641294006,0.0665446681084678,0.0990395213352228,0.615,23.3135523613963,0.0427549492596906,1,11.125,75.1375
"23","David Goffin",0.564516129032258,0.723538119911177,0.409709523696105,0.500260824204486,0.0816193981381251,1.41737572772056,0.0809699069062568,0.100082034454471,0.561497326203209,28.530922258279,0.0409179476077073,1,21.3870967741935,74.5
"24","Denis Istomin",0,0.657142857142857,0.351851851851852,0.631578947368421,0.12962962962963,1.40243902439024,0.0555555555555556,0.0655737704918033,0,32.3148528405,0.037037037037037,1,92,54
"25","Denis Kudla",0.333333333333333,0.685454545454545,0.422756091524884,0.48395378690629,0.067589143161256,1.53205389955084,0.102714209686003,0.0731446876668446,0.544041450777202,26.6368925393625,0.0425758382118148,1,76.1666666666667,78.2916666666667
"26","Denis Shapovalov",0.578125,0.76497057805469,0.400790416874921,0.519270833333333,0.104179663131628,1.53290098070231,0.0713245997088792,0.0753789430561245,0.670553935860058,20.2009325804281,0.0573923892701185,0,27.40625,75.140625
"27","Diego Schwartzman",0.615384615384615,0.674117647058823,0.350276199007186,0.512318029115342,0.0258387967605091,1.44788385152719,0.0898573081372927,0.112163416898793,0.575107296137339,26.8174590638723,0.0366370998843039,1,21.0769230769231,79.7846153846154
"28","Dominic Thiem",0.73015873015873,0.731434058898848,0.3417191040671,0.55224787363305,0.0620545073375262,1.37526652452026,0.0689727463312369,0.0895005096839959,0.613981762917933,25.8237128298841,0.0270440251572327,1,5.19047619047619,78.1967213114754
"29","Dominik Koepfer",0,0.631578947368421,0.355932203389831,0.428571428571429,0.0508474576271186,1.42352941176471,0.135593220338983,0.0967741935483871,0.5,25.401779603,0,0,85,59
"30","Dusan Lajovic",0.425531914893617,0.667177914110429,0.314400924179095,0.503384094754653,0.0427440633245383,1.48663316582915,0.0926121372031662,0.0856905158069883,0.601139601139601,28.8980733103128,0.0205804749340369,1,37.468085106383,80.6382978723404
"31","Egor Gerasimov",0.6,0.77257525083612,0.293720576122183,0.598484848484849,0.1415313225058,1.5405872193437,0.0301624129930394,0.0672451193058568,0.461538461538462,26.88678986994,0.0232018561484919,1,98,86.2
"32","Ernests Gulbis",0.277777777777778,0.734274711168164,0.442698472515093,0.459016393442623,0.105831533477322,1.39818548387097,0.0907127429805616,0.0729241877256318,0.579365079365079,30.5664309072944,0.0575953923686105,1,84.2777777777778,77.1666666666667
"33","Evgeny Donskoy",0.4,0.711598746081505,0.407574206352889,0.507042253521127,0.0789473684210526,1.55900621118012,0.0733082706766917,0.0508474576271186,0.666666666666667,28.6806297057,0.0169172932330827,1,96.4,106.4
"34","Fabio Fognini",0.568627450980392,0.690605590062112,0.393584198188301,0.48698224852071,0.0487576183778715,1.46843390303453,0.0949367088607595,0.0936446798266731,0.580246913580247,32.0672115526549,0.0450070323488045,1,12.843137254902,83.6470588235294
"35","Federico Delbonis",0.411764705882353,0.672085201793722,0.382161472799668,0.501367365542388,0.0413051023950017,1.41678796700631,0.0912877473099618,0.089557282865833,0.570342205323194,28.5859805934706,0.0513710517181534,0,75.5882352941177,84.7352941176471
"36","Feliciano Lopez",0.421052631578947,0.766064257028112,0.426129672495359,0.504748982360923,0.139642238892095,1.49333333333333,0.0698211194460473,0.0672800460034503,0.677685950413223,37.7435786591632,0.0490478938257357,0,68.8947368421053,91.2105263157895
"37","Felix Auger Aliassime",0.577777777777778,0.758227292672225,0.352580846374489,0.492344883158743,0.122443181818182,1.38651153618616,0.075,0.0703503275420108,0.628787878787879,18.80873070194,0.0619318181818182,1,32.9555555555556,78.2222222222222
"38","Fernando Verdasco",0.5,0.721266345492085,0.360712410723972,0.494498777506112,0.0893879348304712,1.40316573556797,0.0878467635402906,0.0951111111111111,0.661654135338346,35.5342494603365,0.0427124614707177,0,34,87.3461538461538
"39","Filip Krajinovic",0.611111111111111,0.704272683629381,0.339424408120404,0.513692162417375,0.0709739019732654,1.50467289719626,0.0840229153405474,0.094602789569436,0.602272727272727,27.3710548330806,0.0171865054105665,1,59.8611111111111,87.2777777777778
"40","Frances Tiafoe",0.418604651162791,0.701831210191083,0.345816470370975,0.510097232610322,0.0701480904130943,1.4445690783324,0.0789815536502988,0.0750386797318205,0.572368421052632,21.3452398007116,0.0280592361652377,1,39.4651162790698,89.5116279069767
"41","Gael Monfils",0.672727272727273,0.71506105834464,0.347010336641292,0.505754475703325,0.0813386524822695,1.54207063711911,0.0780141843971631,0.10193401592719,0.633522727272727,32.7769522742909,0.0474290780141844,1,19.4363636363636,82.0363636363636
"42","Gilles Simon",0.519230769230769,0.695769230769231,0.384578541079706,0.502466091245376,0.0504500236854571,1.37639021290118,0.0975840833728091,0.0925467237108759,0.635922330097087,34.3976728268385,0.0336333491236381,1,33.9423076923077,81.1923076923077
"43","Gregoire Barrere",0.5,0.708108108108108,0.338208128078818,0.467391304347826,0.075812274368231,1.66881028938907,0.101083032490975,0.0661157024793388,0.642857142857143,25.5989048597,0.0288808664259928,1,94.5,69.25
"44","Grigor Dimitrov",0.511627906976744,0.747325102880658,0.377478826511029,0.497554157931516,0.0818440818440818,1.4652466367713,0.0766640766640767,0.0864104496357699,0.621621621621622,28.0974165512744,0.0463610463610464,1,40.1162790697674,89.7906976744186
"45","Guido Andreozzi",0.3125,0.660377358490566,0.389110200044246,0.447033898305085,0.0387149917627677,1.34387351778656,0.119439868204283,0.0857632933104631,0.586206896551724,27.5915468857,0.0551894563426689,1,84.25,75.875
"46","Guido Pella",0.590163934426229,0.687955672207641,0.335970123461047,0.52819332566168,0.0580607702728856,1.40943062916157,0.09134894522934,0.0927953890489914,0.639830508474576,29.0119276040393,0.0251596671182504,0,33.7213114754098,84.7049180327869
"47","Guillermo Garcia Lopez",0,0.71875,0.366336633663366,0.513513513513513,0.0495049504950495,1.55555555555556,0.099009900990099,0.0458715596330275,0.6,35.613963039,0.0495049504950495,1,100,101
"48","Henri Laaksonen",0,0.7,0.571428571428571,0.5,0.0142857142857143,1.50485436893204,0.0857142857142857,0.0705882352941176,0.333333333333333,27.2881587953,0.0428571428571429,1,93,70
"49","Hubert Hurkacz",0.5,0.73193379087606,0.356836948119253,0.516056758775205,0.0925052410901468,1.52909090909091,0.0786163522012579,0.072208899547029,0.653333333333333,22.306068902575,0.0364255765199161,1,52.8333333333333,79.5
"50","Hugo Dellien",0.35,0.627510040160643,0.269247203327445,0.489189189189189,0.0358711566617862,1.52383623107123,0.115666178623719,0.0880829015544041,0.575949367088608,25.99657768652,0.0190336749633968,1,87.95,75.8888888888889
"51","Hyeon Chung",0.2,0.692307692307692,0.374640609256653,0.537037037037037,0.0379464285714286,1.40768094534712,0.0848214285714286,0.0673267326732673,0.473684210526316,22.65954825462,0.015625,1,30.4,89.6
"52","Ilya Ivashka",0.285714285714286,0.721518987341772,0.428861164146484,0.484745762711864,0.0869565217391304,1.40923399790136,0.0971014492753623,0.0689127105666156,0.656716417910448,24.9281314168429,0.0681159420289855,1,88.5714285714286,98.5714285714286
"53","Ivo Karlovic",0.44,0.836317135549872,0.346865201984315,0.545112781954887,0.258679085520745,1.57760643647335,0.0376799322607959,0.0264505119453925,0.752808988764045,40.106009582484,0.0444538526672312,1,86.64,94.48
"54","Jan Lennard Struff",0.53968253968254,0.791905444126075,0.441367426167442,0.517705064993277,0.141349790961577,1.56024371667936,0.0656977901652399,0.0791187739463601,0.642424242424242,29.1374248992317,0.0342424845709735,1,43.4920634920635,79.7301587301587
"55","Jaume Munar",0.447368421052632,0.696675191815857,0.376165521833602,0.479522184300341,0.0498880716341541,1.39157427937916,0.0882635113527342,0.0911400444585583,0.565217391304348,21.9443783998105,0.0259034218100416,1,73.1315789473684,82.2894736842105
"56","Jeremy Chardy",0.518518518518518,0.745044429254956,0.374468030637366,0.495750708215297,0.10743977829887,1.49342948717949,0.0743977829887018,0.0801642178046672,0.650429799426934,32.2968033057074,0.0464719675975272,1,56.2962962962963,86.8703703703704
"57","Jiri Vesely",0.333333333333333,0.716012084592145,0.369357970003965,0.484210526315789,0.0998080614203455,1.43926553672316,0.0959692898272553,0.0582329317269076,0.66,25.54277891855,0.0441458733205374,0,92.5,86.8333333333333
"58","Jo-Wilfried Tsonga",0.580645161290323,0.796554009277667,0.390402228146878,0.517418032786885,0.137625754527163,1.41864455247355,0.069215291750503,0.0626009693053312,0.691860465116279,34.3140138217323,0.0289738430583501,1,62.0645161290323,80.1612903225806
"59","Joao Sousa",0.456140350877193,0.703767715174559,0.38435950791445,0.49517867271696,0.0597079037800687,1.44447929736512,0.0904209621993127,0.0788317962231006,0.608076009501188,30.1809623305298,0.0221219931271478,1,55.5263157894737,84.6545454545455
"60","John Isner",0.630434782608696,0.811419984973704,0.290107018899538,0.573320719016083,0.269696154880344,1.5149950347567,0.0360311911804248,0.052698899974418,0.723880597014925,34.0864208552891,0.0215111589136865,1,12.5217391304348,80.8478260869565
"61","John Millman",0.4375,0.697585768742058,0.39076758544037,0.545036160420776,0.056156620298815,1.44262603461249,0.0824317362184441,0.0821230525481912,0.621875,29.9553388090271,0.0221535291087069,1,53.5625,80.875
"62","Jordan Thompson",0.531914893617021,0.714502082544491,0.33159384375592,0.506454062262718,0.072511369378474,1.3933960589384,0.0765538150581102,0.0832690824980725,0.627062706270627,25.0476065650085,0.022233451237999,1,62.3617021276596,84.2127659574468
"63","Juan Ignacio Londero",0.447368421052632,0.701829924650161,0.395347092031536,0.546047269763651,0.0560777957860616,1.49015842534806,0.086547811993517,0.0858149215497919,0.625468164794007,25.8406282647,0.0356564019448947,1,66.3947368421053,81.1842105263158
"64","Juan Martin del Potro",0.666666666666667,0.764792899408284,0.35145627700631,0.5,0.124045801526718,1.37210796915167,0.049618320610687,0.100275988960442,0.634615384615385,30.5954825461833,0.0305343511450382,1,7.91666666666667,87.3333333333333
"65","Kamil Majchrzak",0.5,0.721189591078067,0.420374993964348,0.561224489795918,0.0752688172043011,1.53932584269663,0.0774193548387097,0.0587044534412955,0.555555555555556,23.65023956195,0.0473118279569892,1,93.25,116.25
"66","Karen Khachanov",0.5,0.729377241604173,0.374003080473942,0.527580557072638,0.0892200898325847,1.45959230880439,0.0765618619844835,0.0738745671412082,0.634666666666667,23.0801293398414,0.0355247039608003,1,10.7758620689655,84.448275862069
"67","Kei Nishikori",0.675,0.695444685466377,0.36492599520924,0.533834586466165,0.0343878954607978,1.40771558245083,0.0792297111416781,0.103701758991861,0.590277777777778,29.2984941820675,0.0299862448418157,1,7.1,90.875
"68","Kevin Anderson",0.733333333333333,0.790919952210275,0.369353891395632,0.529774127310062,0.178247734138973,1.37621235324145,0.0664652567975831,0.0743440233236152,0.715909090909091,32.8438056125933,0.0302114803625378,1,6.93333333333333,88.2666666666667
"69","Kyle Edmund",0.447368421052632,0.719864176570458,0.372066211932162,0.523764258555133,0.0748492373181979,1.42890025575448,0.0748492373181979,0.0740606936416185,0.587677725118483,24.4698296048158,0.0262504434196524,1,35.7368421052632,74.1842105263158
"70","Laslo Djere",0.48780487804878,0.702064896755162,0.39275172927258,0.499236641221374,0.0675837320574163,1.40418848167539,0.0864234449760766,0.0850937221065159,0.591695501730104,23.9218710872829,0.0373803827751196,1,44.7317073170732,81.5609756097561
"71","Leonardo Mayer",0.470588235294118,0.749163879598662,0.41724108805052,0.533177205308353,0.0868292682926829,1.40549750113585,0.0699186991869919,0.0645886889460154,0.623255813953488,31.9105366992618,0.055609756097561,1,60.3823529411765,90.4411764705882
"72","Lloyd Harris",0.333333333333333,0.698433420365535,0.390883867922465,0.452830188679245,0.104585679806919,1.4898210980876,0.0941271118262269,0.0639931740614334,0.555555555555556,22.28245493954,0.0386162510056315,1,93.4666666666667,82.8666666666667
"73","Lorenzo Sonego",0.451612903225806,0.740948813982522,0.35552089991611,0.51063829787234,0.0869739478957916,1.34734273318872,0.0749498997995992,0.0642683912691997,0.631016042780749,24.1742509549323,0.0216432865731463,1,64.6451612903226,80.4838709677419
"74","Lucas Pouille",0.5,0.728744939271255,0.415831095178712,0.530051150895141,0.0800105624504885,1.55817875210793,0.0749933984684447,0.0740638002773925,0.633802816901408,25.2913529545952,0.0406654343807763,1,27.7142857142857,90.1666666666667
"75","Mackenzie McDonald",0.454545454545455,0.676523297491039,0.379968976965271,0.509516837481698,0.0533629794330183,1.50106337728626,0.103946637020567,0.0728323699421965,0.636363636363636,23.9040507746818,0.0311284046692607,1,70.2727272727273,81.7727272727273
"76","Malek Jaziri",0.315789473684211,0.681718061674009,0.431703859979087,0.471328671328671,0.0338878619839803,1.41779584462511,0.0979667282809612,0.0718997361477573,0.59748427672956,35.1668287762474,0.0388170055452865,1,62.3684210526316,85.4210526315789
"77","Marcel Granollers",0.428571428571429,0.751572327044025,0.319370009978885,0.56687898089172,0.0736842105263158,1.41908713692946,0.0547368421052632,0.0689655172413793,0.5,33.2210814510714,0.0273684210526316,1,97,67.8571428571429
"78","Marco Cecchinato",0.285714285714286,0.688311688311688,0.356342473956244,0.493731918997107,0.0610051993067591,1.52290889717635,0.0845753899480069,0.0681497175141243,0.561475409836066,26.5932922655714,0.0329289428076256,1,32.7714285714286,82.4285714285714
"79","Marin Cilic",0.536585365853659,0.771308802980904,0.416860083564586,0.479045776918117,0.107084910762574,1.38383838383838,0.0773391022174148,0.0816727476845355,0.65034965034965,30.737450126039,0.0554353704705246,1,16.5365853658537,90.1951219512195
"80","Marius Copil",0.285714285714286,0.742559523809524,0.428487203126987,0.493951612903226,0.125856164383562,1.48843271423917,0.0898972602739726,0.0564516129032258,0.604761904761905,28.6023271731679,0.0376712328767123,1,79.0357142857143,89.8461538461538
"81","Martin Klizan",0.344827586206897,0.672354948805461,0.404794013889055,0.480122324159021,0.0482420278004906,1.40117994100295,0.0997547015535568,0.0729166666666667,0.602459016393443,29.8007505487448,0.0498773507767784,0,54.7586206896552,87.3571428571429
"82","Marton Fucsovics",0.478260869565217,0.698783910196445,0.418217631349954,0.492238033635188,0.0491313789359392,1.43148743148743,0.0906623235613464,0.104884318766067,0.57185628742515,27.2205457846065,0.0439739413680782,1,44.5869565217391,83.7272727272727
"83","Matteo Berrettini",0.632352941176471,0.780296161982472,0.379281856878876,0.542455118874333,0.113594040968343,1.43821255405582,0.0659217877094972,0.0731489741302409,0.694915254237288,23.1839996779088,0.0271880819366853,1,30.9558823529412,78.9705882352941
"84","Matthew Ebden",0.1875,0.723255813953488,0.38213784025172,0.4030131826742,0.0891445003594536,1.55240793201133,0.106398274622574,0.0600444773906597,0.581081081081081,31.3779945243,0.0711718188353702,1,64.625,86.9375
"85","Maximilian Marterer",0.307692307692308,0.715946843853821,0.343302706358902,0.53125,0.0986984815618221,1.44699367088608,0.0867678958785249,0.0672546857772878,0.625,23.6516611383077,0.0249457700650759,0,84.3076923076923,70.9230769230769
"86","Mikael Ymer",0.5,0.597701149425287,0.336367880485528,0.477272727272727,0.0381679389312977,1.22705314009662,0.122137404580153,0.0894308943089431,0.5,21.0951403149,0.0458015267175573,1,75,65.5
"87","Mikhail Kukushkin",0.468085106382979,0.663308144416457,0.345141598015629,0.535222672064777,0.0348354990323472,1.45702005730659,0.087641692009953,0.0928041119360365,0.608832807570978,31.4531288683064,0.0141000829416644,1,51.2978723404255,76.9574468085106
"88","Milos Raonic",0.666666666666667,0.840023966446974,0.370577096901626,0.576923076923077,0.246518630033873,1.48489708634055,0.0376364320662401,0.0690131124913734,0.68,28.3303673283121,0.0459164471208129,1,18.0606060606061,80.5151515151515
"89","Miomir Kecmanovic",0.515151515151515,0.721761327377154,0.395752640146701,0.53988326848249,0.0497109826589595,1.51292477490561,0.079383429672447,0.0776587605202754,0.635922330097087,19.8858399186909,0.0327552986512524,1,67.5151515151515,78.6363636363636
"90","Mirza Basic",0,0.6875,0.380316778390924,0.475247524752475,0.0574712643678161,1.62048192771084,0.0842911877394636,0.0685920577617329,0.454545454545455,27.5418663016,0.0344827586206897,1,99,87
"91","Mischa Zverev",0,0.602888086642599,0.38620505375257,0.458333333333333,0.0674157303370786,1.63457760314342,0.134831460674157,0.0335917312661499,0.566666666666667,31.5701574264286,0.0471910112359551,0,79.8571428571429,63.5714285714286
"92","Nick Kyrgios",0.621621621621622,0.796175138399597,0.333111725330996,0.506944444444444,0.207345575959933,1.60043080236941,0.0550918196994992,0.0528992878942014,0.660606060606061,24.0857613260054,0.0397328881469115,1,43.7567567567568,80.945945945946
"93","Nicolas Jarry",0.475,0.722195474241695,0.373143768216977,0.522303325223033,0.106948640483384,1.4914113277623,0.0758308157099698,0.0581059390048154,0.637450199203187,23.5966461327875,0.03202416918429,1,64.2,82.75
"94","Nikoloz Basilashvili",0.549019607843137,0.693854324734446,0.421416573488946,0.506224066390041,0.0604732690622261,1.52260030472321,0.0904907975460123,0.0882618510158013,0.595641646489104,27.259813987202,0.0646362839614373,1,18.8235294117647,89.4901960784314
"95","Novak Djokovic",0.848484848484849,0.760715386987357,0.338104895352819,0.57185628742515,0.0789741502137187,1.38996297819827,0.0569916547934053,0.10145482388974,0.646428571428571,32.0804762200985,0.0329737431304702,1,1.09090909090909,74.4393939393939
"96","Pablo Andujar",0.4375,0.666026871401152,0.350267163262585,0.472895040369089,0.0230452674897119,1.38950354609929,0.0921810699588477,0.0871150729335494,0.526785714285714,33.4292436687125,0.0411522633744856,1,73.25,75.9375
"97","Pablo Carreno Busta",0.604166666666667,0.712979247274006,0.319533282180618,0.529499626587005,0.0554758488761358,1.47691509597095,0.0801052128168341,0.0867171369580179,0.698507462686567,28.0333675564771,0.021999043519847,1,49,87.125
"98","Pablo Cuevas",0.488888888888889,0.729471032745592,0.411047188599563,0.515965166908563,0.0713648528099911,1.45522868799656,0.0764198632173654,0.0828939660222613,0.571984435797665,33.37646969352,0.0404400832589949,1,63.2222222222222,78.2093023255814
"99","Pedro Sousa",0,0.483870967741935,0.392156862745098,0.2,0.0392156862745098,1.47058823529412,0.274509803921569,0.122448979591837,0.5,30.7296372348,0.0196078431372549,1,99,51
"100","Peter Gojowczyk",0.277777777777778,0.702013422818792,0.459517205386747,0.463452566096423,0.0713256484149856,1.63230861965039,0.10014409221902,0.0924242424242424,0.575539568345324,29.7037037036889,0.0597982708933718,1,77,77.1111111111111
"101","Philipp Kohlschreiber",0.488372093023256,0.71239837398374,0.378622653631797,0.553745928338762,0.0660200250312891,1.4527374301676,0.0782227784730914,0.0829046898638427,0.632,35.5532846250581,0.0228410513141427,1,49.4186046511628,74.3255813953488
"102","Pierre Hugues Herbert",0.466666666666667,0.719346049046321,0.397173857120189,0.507306889352818,0.0807914262159934,1.46665285832643,0.0868370431437208,0.0743753631609529,0.636075949367089,28.1303216974533,0.0392965100302281,1,47.0444444444444,80.8666666666667
"103","Prajnesh Gunneswaran",0.333333333333333,0.688721804511278,0.405012965691389,0.497835497835498,0.0692102928127773,1.57563025210084,0.0798580301685892,0.06233303650935,0.477777777777778,29.58320784852,0.0461401952085182,0,91.1333333333333,75.1333333333333
"104","Radu Albot",0.535714285714286,0.668801138384916,0.372847212232558,0.528465346534653,0.042014908515925,1.43617021276596,0.0871922295007906,0.0919963201471941,0.588082901554404,29.5455167693357,0.0338829907386492,1,54.9642857142857,79.0535714285714
"105","Rafael Nadal",0.890625,0.763795423956931,0.350930059796709,0.595903165735568,0.0676412830024002,1.2319440849081,0.0490944795985163,0.118743667679838,0.68,33.0214750171031,0.026183722452542,0,1.875,71.609375
"106","Reilly Opelka",0.543478260869565,0.806150253016738,0.358092487812175,0.544321329639889,0.246199850485921,1.52907200616095,0.0426115125841017,0.0565029269534233,0.649122807017544,21.8227539207935,0.0371293296785447,1,56.1739130434783,87.2391304347826
"107","Ricardas Berankis",0.375,0.682857142857143,0.427604272614976,0.518095238095238,0.0440816326530612,1.51381909547739,0.0881632653061225,0.0658227848101266,0.555555555555556,29.110540725525,0.04,1,75.3125,87.5
"108","Richard Gasquet",0.5,0.72638036809816,0.389674134561554,0.494706448508181,0.0779318096665418,1.44561974505018,0.0884226301985762,0.0849304772641864,0.635593220338983,33.0957845150471,0.0389659048332709,1,50.8823529411765,78.5
"109","Roberto Bautista Agut",0.661290322580645,0.725707257072571,0.340210944753603,0.560887822435513,0.0504167513722301,1.39929136004361,0.0668835129091279,0.0914189568143578,0.60790273556231,31.1370029365677,0.0217523886968896,1,17.8709677419355,79.3387096774194
"110","Roberto Carballes Baena",0.44,0.681436210847976,0.389690487768707,0.474264705882353,0.0437647058823529,1.38697705802969,0.0969411764705882,0.0840886203423968,0.587378640776699,26.265516769332,0.0447058823529412,1,75.4,85
"111","Robin Haase",0.407407407407407,0.732214228617106,0.423820640519111,0.487459105779716,0.0779520295202952,1.52755352755353,0.08809963099631,0.0750915750915751,0.628272251308901,31.984181306563,0.0415129151291513,1,63.4814814814815,80.2962962962963
"112","Roger Federer",0.836065573770492,0.781465658889254,0.35333659219262,0.593618302227574,0.0977891156462585,1.53131782945736,0.0514455782312925,0.0958824666537792,0.710743801652893,37.8301859269951,0.0206207482993197,1,3.60655737704918,77.1147540983606
"113","Ryan Harrison",0.285714285714286,0.783536585365854,0.394570761933165,0.531400966183575,0.168224299065421,1.58779761904762,0.0691588785046729,0.0507518796992481,0.648648648648649,26.7186858316286,0.0373831775700935,1,83.7142857142857,76.4285714285714
"114","Sam Querrey",0.564102564102564,0.805583250249252,0.377099728464488,0.472995090016367,0.206939281288724,1.70524650672291,0.0566914498141264,0.0694444444444444,0.617486338797814,31.683041120418,0.0495662949194548,1,57.8205128205128,82.7692307692308
"115","Soon Woo Kwon",0.571428571428571,0.68936170212766,0.3629916704276,0.492753623188406,0.0294906166219839,1.39347408829175,0.101876675603217,0.0679886685552408,0.710526315789474,21.7932922655571,0.0375335120643432,1,88.1428571428571,74.6
"116","Stan Wawrinka",0.62,0.763643206624012,0.412111398528922,0.554276315789474,0.11113590716358,1.44351732991014,0.0729747824146396,0.0795127353266888,0.706422018348624,34.159452429836,0.0205311314438741,1,34.82,89.62
"117","Stefano Travaglia",0.4,0.806818181818182,0.491343890200247,0.532544378698225,0.12463768115942,1.51754385964912,0.0579710144927536,0.0547550432276657,0.5,27.71471594796,0.0289855072463768,0,88.4,69
"118","Stefanos Tsitsipas",0.688311688311688,0.763138596920068,0.357089596711152,0.53264159100735,0.0852592129918801,1.43589457225821,0.0652717051842598,0.0839919417325275,0.645933014354067,20.8131416837844,0.0268582136164897,1,8.79220779220779,83.1688311688312
"119","Steve Johnson",0.4,0.734975961538462,0.413049734778853,0.522630230572161,0.0765432098765432,1.48380187416332,0.071957671957672,0.0683413372737348,0.598039215686274,29.4023271731714,0.0345679012345679,1,60.6,81
"120","Taro Daniel",0.333333333333333,0.659498207885305,0.387057117654909,0.468451242829828,0.0441176470588235,1.31863230921705,0.108088235294118,0.0930053804765565,0.585034013605442,26.1014525819444,0.0360294117647059,1,73.2777777777778,75.5555555555556
"121","Taylor Fritz",0.5,0.762213740458015,0.417905289118454,0.513821138211382,0.118253079507279,1.61209574273707,0.0629339305711086,0.0660853602569986,0.601423487544484,21.6288796053741,0.0318029115341545,1,40.9827586206897,76.9827586206897
"122","Tennys Sandgren",0.433333333333333,0.735975609756098,0.397028894170784,0.484082397003745,0.0997045790251108,1.45476640561707,0.077917282127031,0.0750279955207167,0.587677725118483,27.8026009582433,0.0317577548005908,1,75.6,90.2666666666667
"123","Thiago Monteiro",0,0.742424242424242,0.45289298515105,0.509433962264151,0.0630252100840336,1.39118457300275,0.0798319327731092,0.0636704119850187,0.526315789473684,25.1608487337333,0.0294117647058824,0,93,79.3333333333333
"124","Thomas Fabbiano",0.25,0.672955974842767,0.343149908352038,0.516030534351145,0.0223144784639336,1.46993060909792,0.0975609756097561,0.0721102863202545,0.632978723404255,30.061738535245,0.0332122470160872,1,88.95,96.35
"125","Tomas Berdych",0.631578947368421,0.75,0.40751604410021,0.519287833827893,0.0781057810578106,1.46697038724374,0.0682656826568266,0.0803011292346299,0.63963963963964,33.3866493749895,0.0276752767527675,1,72.2105263157895,85.5789473684211
"126","Ugo Humbert",0.411764705882353,0.738754325259516,0.393956698355502,0.514010507880911,0.0900556328233658,1.48179705654531,0.0803198887343533,0.0789381767376877,0.623376623376623,20.9414180456618,0.0378998609179416,0,67.1764705882353,84.5882352941177
"127","Yasutaka Uchiyama",0,0.583333333333333,0.351351351351351,0.384615384615385,0.0810810810810811,1.36206896551724,0.135135135135135,0.0476190476190476,0.2,27.2854209446,0.0540540540540541,1,81,37
"128","Yoshihito Nishioka",0.5,0.628856193640247,0.336021711719265,0.540719696969697,0.0252924438823901,1.45607951918632,0.108441353145748,0.0963010204081633,0.600583090379009,23.6854353543079,0.0164400885235536,0,72.1842105263158,83.2368421052632
